employee_id,name,email,department,extra_activities,annual_day_participation,slack_data.slack_id,slack_data.channels_joined,slack_data.messages_sent,slack_data.reactions_given,slack_data.mentions_received,slack_data.active_hours,jira_data.jira_user,jira_data.tickets,jira_data.total_hours,sacufit.bmi,sacufit.fitness_level
EMP001,Shreya Patel,shreya.patel@company.com,Marketing,"['AWS Certified', 'Organized Team Building']",['Event Host'],@user_emp001,['#random'],197,37,8,33.9,EMP001,"[{'ticket_id': 'OPS-133', 'hours_spent': 7.8}, {'ticket_id': 'OPS-586', 'hours_spent': 10.6}, {'ticket_id': 'OPS-406', 'hours_spent': 5.7}, {'ticket_id': 'OPS-622', 'hours_spent': 10.8}, {'ticket_id': 'OPS-767', 'hours_spent': 5.7}, {'ticket_id': 'OPS-937', 'hours_spent': 4.7}, {'ticket_id': 'OPS-649', 'hours_spent': 6.0}]",51.300000000000004,19.6,Excellent
EMP002,Priya Bose,priya.bose@company.com,Finance,"['Mentorship Program', 'Azure Certified', 'Organized Team Building']","['Event Host', 'Drama Play']",@user_emp002,"['#random', '#product']",57,36,3,23.5,EMP002,"[{'ticket_id': 'HR-891', 'hours_spent': 8.7}, {'ticket_id': 'HR-673', 'hours_spent': 8.4}, {'ticket_id': 'HR-440', 'hours_spent': 1.9}, {'ticket_id': 'HR-820', 'hours_spent': 9.5}]",28.5,19.9,Good
EMP003,Sneha Sharma,sneha.sharma@company.com,Finance,"['GCP Certified', 'Azure Certified']",[],@user_emp003,"['#product', '#engineering']",55,39,1,26.6,EMP003,"[{'ticket_id': 'PROD-625', 'hours_spent': 1.2}, {'ticket_id': 'PROD-310', 'hours_spent': 9.9}]",11.1,22.3,Good
EMP004,Kavya Kumar,kavya.kumar@company.com,Marketing,"['Mentorship Program', 'Azure Certified']",['Event Host'],@user_emp004,"['#product', '#support']",198,28,16,38.4,EMP004,"[{'ticket_id': 'FIN-614', 'hours_spent': 3.0}, {'ticket_id': 'FIN-478', 'hours_spent': 3.9}, {'ticket_id': 'FIN-766', 'hours_spent': 6.1}, {'ticket_id': 'FIN-292', 'hours_spent': 1.3}, {'ticket_id': 'FIN-164', 'hours_spent': 6.9}, {'ticket_id': 'FIN-547', 'hours_spent': 6.3}, {'ticket_id': 'FIN-266', 'hours_spent': 1.3}]",28.800000000000004,27.2,Good
EMP005,Priya Patel,priya.patel@company.com,Product,"['Helping Interview Panel', 'Mentorship Program', 'Azure Certified']",['Singing'],@user_emp005,"['#random', '#support']",200,17,14,15.2,EMP005,"[{'ticket_id': 'PROD-119', 'hours_spent': 4.8}, {'ticket_id': 'PROD-391', 'hours_spent': 8.5}, {'ticket_id': 'PROD-142', 'hours_spent': 4.7}, {'ticket_id': 'PROD-458', 'hours_spent': 11.1}, {'ticket_id': 'PROD-748', 'hours_spent': 1.6}, {'ticket_id': 'PROD-151', 'hours_spent': 9.8}, {'ticket_id': 'PROD-288', 'hours_spent': 6.2}, {'ticket_id': 'PROD-153', 'hours_spent': 3.9}]",50.6,22.2,Good
EMP006,Shreya Joshi,shreya.joshi@company.com,Engineering,"['Azure Certified', 'Mentorship Program', 'AWS Certified']","['Singing', 'Drama Play']",@user_emp006,['#support'],195,33,12,31.2,EMP006,"[{'ticket_id': 'PROD-590', 'hours_spent': 1.8}, {'ticket_id': 'PROD-286', 'hours_spent': 7.4}]",9.200000000000001,25.1,Good
EMP007,Aarav Reddy,aarav.reddy@company.com,Engineering,"['Organized Team Building', 'GCP Certified', 'Hackathon Winner']","['Dance Performance', 'Drama Play']",@user_emp007,"['#random', '#engineering']",42,18,7,23.0,EMP007,"[{'ticket_id': 'OPS-129', 'hours_spent': 11.6}, {'ticket_id': 'OPS-138', 'hours_spent': 5.7}, {'ticket_id': 'OPS-949', 'hours_spent': 5.9}, {'ticket_id': 'OPS-936', 'hours_spent': 2.8}, {'ticket_id': 'OPS-580', 'hours_spent': 7.8}, {'ticket_id': 'OPS-718', 'hours_spent': 4.1}, {'ticket_id': 'OPS-606', 'hours_spent': 10.7}]",48.60000000000001,22.4,Average
EMP008,Sneha Nair,sneha.nair@company.com,HR,"['Organized Team Building', 'Helping Interview Panel', 'Azure Certified']",['Singing'],@user_emp008,['#engineering'],149,26,20,7.1,EMP008,"[{'ticket_id': 'HR-492', 'hours_spent': 2.7}, {'ticket_id': 'HR-740', 'hours_spent': 10.9}, {'ticket_id': 'HR-813', 'hours_spent': 9.4}, {'ticket_id': 'HR-266', 'hours_spent': 2.2}, {'ticket_id': 'HR-766', 'hours_spent': 10.6}, {'ticket_id': 'HR-755', 'hours_spent': 5.4}, {'ticket_id': 'HR-997', 'hours_spent': 11.5}]",52.699999999999996,23.9,Average
EMP009,Vikram Nair,vikram.nair@company.com,Finance,['Organized Team Building'],"['Singing', 'Drama Play']",@user_emp009,"['#product', '#random', '#hackathon']",77,45,13,14.2,EMP009,"[{'ticket_id': 'OPS-237', 'hours_spent': 6.8}, {'ticket_id': 'OPS-292', 'hours_spent': 4.6}, {'ticket_id': 'OPS-555', 'hours_spent': 1.1}, {'ticket_id': 'OPS-885', 'hours_spent': 9.6}, {'ticket_id': 'OPS-891', 'hours_spent': 5.4}]",27.5,21.9,Excellent
EMP010,Priya Joshi,priya.joshi@company.com,Product,"['AWS Certified', 'GCP Certified']",[],@user_emp010,"['#hackathon', '#random', '#engineering']",140,43,7,24.1,EMP010,"[{'ticket_id': 'HR-271', 'hours_spent': 3.3}, {'ticket_id': 'HR-604', 'hours_spent': 10.9}, {'ticket_id': 'HR-434', 'hours_spent': 11.7}, {'ticket_id': 'HR-526', 'hours_spent': 6.9}, {'ticket_id': 'HR-554', 'hours_spent': 7.4}, {'ticket_id': 'HR-109', 'hours_spent': 2.2}]",42.4,18.5,Good
EMP011,Aditya Kumar,aditya.kumar@company.com,Product,['Mentorship Program'],['Event Host'],@user_emp011,['#support'],141,8,13,38.4,EMP011,"[{'ticket_id': 'FIN-896', 'hours_spent': 5.1}, {'ticket_id': 'FIN-120', 'hours_spent': 5.8}, {'ticket_id': 'FIN-548', 'hours_spent': 7.3}]",18.2,25.5,Average
EMP012,Aditya Mehta,aditya.mehta@company.com,HR,"['Hackathon Winner', 'Organized Team Building']",[],@user_emp012,['#random'],132,44,7,7.8,EMP012,"[{'ticket_id': 'HR-237', 'hours_spent': 8.1}, {'ticket_id': 'HR-447', 'hours_spent': 4.1}, {'ticket_id': 'HR-996', 'hours_spent': 5.9}, {'ticket_id': 'HR-302', 'hours_spent': 8.4}, {'ticket_id': 'HR-656', 'hours_spent': 11.2}, {'ticket_id': 'HR-929', 'hours_spent': 6.3}]",44.0,24.9,Good
EMP013,Vikram Nair,vikram.nair@company.com,Product,"['Mentorship Program', 'AWS Certified', 'Organized Team Building']",[],@user_emp013,"['#hackathon', '#support', '#engineering']",171,50,18,25.6,EMP013,"[{'ticket_id': 'OPS-440', 'hours_spent': 10.3}, {'ticket_id': 'OPS-820', 'hours_spent': 1.8}, {'ticket_id': 'OPS-305', 'hours_spent': 5.8}, {'ticket_id': 'OPS-362', 'hours_spent': 1.8}, {'ticket_id': 'OPS-449', 'hours_spent': 10.2}, {'ticket_id': 'OPS-834', 'hours_spent': 11.0}]",40.900000000000006,26.9,Good
EMP014,Manish Bose,manish.bose@company.com,Engineering,['AWS Certified'],['Singing'],@user_emp014,['#random'],103,12,10,38.2,EMP014,"[{'ticket_id': 'PROD-960', 'hours_spent': 1.3}, {'ticket_id': 'PROD-876', 'hours_spent': 7.3}, {'ticket_id': 'PROD-380', 'hours_spent': 2.2}, {'ticket_id': 'PROD-906', 'hours_spent': 2.6}, {'ticket_id': 'PROD-820', 'hours_spent': 8.9}, {'ticket_id': 'PROD-786', 'hours_spent': 4.7}, {'ticket_id': 'PROD-994', 'hours_spent': 5.7}]",32.7,24.4,Average
EMP015,Aarav Nair,aarav.nair@company.com,Engineering,"['Mentorship Program', 'AWS Certified']",['Singing'],@user_emp015,['#product'],44,40,17,22.3,EMP015,"[{'ticket_id': 'FIN-792', 'hours_spent': 5.0}, {'ticket_id': 'FIN-786', 'hours_spent': 3.7}, {'ticket_id': 'FIN-628', 'hours_spent': 4.5}, {'ticket_id': 'FIN-732', 'hours_spent': 1.9}]",15.1,20.8,Excellent
EMP016,Neha Nair,neha.nair@company.com,Finance,"['Hackathon Winner', 'Helping Interview Panel']","['Singing', 'Drama Play']",@user_emp016,"['#support', '#engineering', '#product']",30,23,16,13.2,EMP016,"[{'ticket_id': 'PROD-218', 'hours_spent': 10.3}, {'ticket_id': 'PROD-974', 'hours_spent': 8.0}, {'ticket_id': 'PROD-340', 'hours_spent': 11.8}, {'ticket_id': 'PROD-486', 'hours_spent': 10.3}, {'ticket_id': 'PROD-957', 'hours_spent': 11.0}]",51.400000000000006,23.8,Average
EMP017,Kavya Reddy,kavya.reddy@company.com,Finance,['Azure Certified'],['Singing'],@user_emp017,['#random'],163,50,6,8.5,EMP017,"[{'ticket_id': 'HR-143', 'hours_spent': 6.0}, {'ticket_id': 'HR-688', 'hours_spent': 7.3}, {'ticket_id': 'HR-818', 'hours_spent': 6.2}, {'ticket_id': 'HR-399', 'hours_spent': 9.4}]",28.9,27.3,Excellent
EMP018,Priya Nair,priya.nair@company.com,Engineering,"['Organized Team Building', 'Mentorship Program']",[],@user_emp018,['#support'],186,43,15,39.3,EMP018,"[{'ticket_id': 'OPS-975', 'hours_spent': 9.0}, {'ticket_id': 'OPS-852', 'hours_spent': 10.3}, {'ticket_id': 'OPS-719', 'hours_spent': 4.0}, {'ticket_id': 'OPS-148', 'hours_spent': 11.4}]",34.7,21.9,Good
EMP019,Rohan Reddy,rohan.reddy@company.com,Engineering,"['Hackathon Winner', 'Organized Team Building']",[],@user_emp019,"['#support', '#hackathon', '#engineering']",51,23,6,14.3,EMP019,"[{'ticket_id': 'FIN-937', 'hours_spent': 11.0}, {'ticket_id': 'FIN-413', 'hours_spent': 8.7}, {'ticket_id': 'FIN-219', 'hours_spent': 1.3}, {'ticket_id': 'FIN-707', 'hours_spent': 10.1}, {'ticket_id': 'FIN-660', 'hours_spent': 1.1}]",32.2,26.5,Average
EMP020,Aditya Bose,aditya.bose@company.com,Engineering,"['GCP Certified', 'Hackathon Winner', 'Azure Certified']",['Singing'],@user_emp020,"['#random', '#product']",51,44,8,30.4,EMP020,"[{'ticket_id': 'FIN-700', 'hours_spent': 1.6}, {'ticket_id': 'FIN-721', 'hours_spent': 6.6}, {'ticket_id': 'FIN-965', 'hours_spent': 2.6}]",10.799999999999999,20.5,Average
EMP021,Priya Bose,priya.bose@company.com,Marketing,['Azure Certified'],['Singing'],@user_emp021,['#random'],77,24,9,22.2,EMP021,"[{'ticket_id': 'PROD-902', 'hours_spent': 10.0}, {'ticket_id': 'PROD-736', 'hours_spent': 1.7}, {'ticket_id': 'PROD-825', 'hours_spent': 10.6}, {'ticket_id': 'PROD-650', 'hours_spent': 11.3}, {'ticket_id': 'PROD-614', 'hours_spent': 1.1}]",34.699999999999996,26.3,Excellent
EMP022,Kavya Reddy,kavya.reddy@company.com,Product,"['AWS Certified', 'Helping Interview Panel']",[],@user_emp022,"['#engineering', '#hackathon']",128,34,10,24.9,EMP022,"[{'ticket_id': 'PROD-860', 'hours_spent': 3.5}, {'ticket_id': 'PROD-467', 'hours_spent': 11.1}]",14.6,18.8,Average
EMP023,Rohan Gupta,rohan.gupta@company.com,Product,['AWS Certified'],['Drama Play'],@user_emp023,"['#support', '#random']",146,11,8,35.4,EMP023,"[{'ticket_id': 'PROD-814', 'hours_spent': 3.3}, {'ticket_id': 'PROD-130', 'hours_spent': 7.4}, {'ticket_id': 'PROD-804', 'hours_spent': 11.2}, {'ticket_id': 'PROD-267', 'hours_spent': 3.5}, {'ticket_id': 'PROD-538', 'hours_spent': 4.2}, {'ticket_id': 'PROD-174', 'hours_spent': 10.5}, {'ticket_id': 'PROD-221', 'hours_spent': 5.3}, {'ticket_id': 'PROD-163', 'hours_spent': 10.3}]",55.69999999999999,23.7,Excellent
EMP024,Manish Mehta,manish.mehta@company.com,Finance,['Azure Certified'],[],@user_emp024,['#product'],99,7,5,9.7,EMP024,"[{'ticket_id': 'FIN-811', 'hours_spent': 3.0}, {'ticket_id': 'FIN-973', 'hours_spent': 4.5}, {'ticket_id': 'FIN-447', 'hours_spent': 5.2}, {'ticket_id': 'FIN-770', 'hours_spent': 10.7}, {'ticket_id': 'FIN-281', 'hours_spent': 7.1}, {'ticket_id': 'FIN-898', 'hours_spent': 10.1}]",40.6,21.7,Excellent
EMP025,Aditya Gupta,aditya.gupta@company.com,Engineering,['Azure Certified'],['Event Host'],@user_emp025,['#engineering'],45,11,14,33.5,EMP025,"[{'ticket_id': 'PROD-314', 'hours_spent': 5.5}, {'ticket_id': 'PROD-550', 'hours_spent': 6.5}, {'ticket_id': 'PROD-577', 'hours_spent': 4.4}, {'ticket_id': 'PROD-555', 'hours_spent': 8.3}, {'ticket_id': 'PROD-763', 'hours_spent': 2.3}, {'ticket_id': 'PROD-697', 'hours_spent': 6.0}]",33.0,18.4,Good
EMP026,Aarav Joshi,aarav.joshi@company.com,Product,"['Hackathon Winner', 'Organized Team Building']",[],@user_emp026,['#product'],85,19,5,18.3,EMP026,"[{'ticket_id': 'HR-565', 'hours_spent': 6.1}, {'ticket_id': 'HR-217', 'hours_spent': 5.6}, {'ticket_id': 'HR-405', 'hours_spent': 7.2}]",18.9,18.7,Average
EMP027,Sneha Reddy,sneha.reddy@company.com,Engineering,"['Helping Interview Panel', 'Hackathon Winner']","['Event Host', 'Singing']",@user_emp027,"['#hackathon', '#engineering']",36,13,16,18.7,EMP027,"[{'ticket_id': 'FIN-596', 'hours_spent': 5.5}, {'ticket_id': 'FIN-313', 'hours_spent': 6.1}, {'ticket_id': 'FIN-572', 'hours_spent': 6.8}, {'ticket_id': 'FIN-385', 'hours_spent': 5.7}, {'ticket_id': 'FIN-607', 'hours_spent': 7.6}, {'ticket_id': 'FIN-579', 'hours_spent': 3.3}, {'ticket_id': 'FIN-813', 'hours_spent': 10.7}, {'ticket_id': 'FIN-184', 'hours_spent': 5.1}]",50.79999999999999,19.3,Good
EMP028,Priya Reddy,priya.reddy@company.com,Marketing,"['Helping Interview Panel', 'Hackathon Winner']","['Singing', 'Drama Play']",@user_emp028,['#engineering'],182,11,4,11.7,EMP028,"[{'ticket_id': 'FIN-402', 'hours_spent': 8.4}, {'ticket_id': 'FIN-112', 'hours_spent': 10.0}, {'ticket_id': 'FIN-490', 'hours_spent': 11.4}, {'ticket_id': 'FIN-770', 'hours_spent': 8.9}]",38.699999999999996,26.2,Excellent
EMP029,Rohan Iyer,rohan.iyer@company.com,Engineering,"['GCP Certified', 'AWS Certified']","['Event Host', 'Singing']",@user_emp029,"['#support', '#random']",96,32,19,9.8,EMP029,"[{'ticket_id': 'OPS-261', 'hours_spent': 5.1}, {'ticket_id': 'OPS-997', 'hours_spent': 4.6}, {'ticket_id': 'OPS-462', 'hours_spent': 4.5}, {'ticket_id': 'OPS-499', 'hours_spent': 8.3}, {'ticket_id': 'OPS-312', 'hours_spent': 9.1}, {'ticket_id': 'OPS-241', 'hours_spent': 6.6}, {'ticket_id': 'OPS-928', 'hours_spent': 9.9}, {'ticket_id': 'OPS-943', 'hours_spent': 6.0}]",54.1,23.5,Excellent
EMP030,Sneha Kumar,sneha.kumar@company.com,Finance,"['Mentorship Program', 'GCP Certified']",[],@user_emp030,"['#random', '#support']",131,47,2,10.7,EMP030,"[{'ticket_id': 'HR-556', 'hours_spent': 7.2}, {'ticket_id': 'HR-368', 'hours_spent': 7.7}, {'ticket_id': 'HR-559', 'hours_spent': 3.3}, {'ticket_id': 'HR-187', 'hours_spent': 1.4}, {'ticket_id': 'HR-327', 'hours_spent': 2.6}, {'ticket_id': 'HR-947', 'hours_spent': 9.1}, {'ticket_id': 'HR-922', 'hours_spent': 6.9}]",38.199999999999996,26.6,Excellent
EMP031,Shreya Nair,shreya.nair@company.com,Product,['Azure Certified'],['Drama Play'],@user_emp031,"['#engineering', '#support', '#hackathon']",22,40,18,37.7,EMP031,"[{'ticket_id': 'HR-739', 'hours_spent': 6.7}, {'ticket_id': 'HR-570', 'hours_spent': 7.6}, {'ticket_id': 'HR-183', 'hours_spent': 5.9}, {'ticket_id': 'HR-573', 'hours_spent': 2.6}, {'ticket_id': 'HR-279', 'hours_spent': 3.6}, {'ticket_id': 'HR-176', 'hours_spent': 6.0}]",32.400000000000006,25.1,Excellent
EMP032,Shreya Mehta,shreya.mehta@company.com,HR,"['Organized Team Building', 'Helping Interview Panel', 'Hackathon Winner']",['Dance Performance'],@user_emp032,"['#support', '#product']",77,47,9,11.7,EMP032,"[{'ticket_id': 'PROD-963', 'hours_spent': 5.2}, {'ticket_id': 'PROD-616', 'hours_spent': 11.9}, {'ticket_id': 'PROD-440', 'hours_spent': 9.1}, {'ticket_id': 'PROD-128', 'hours_spent': 6.1}, {'ticket_id': 'PROD-121', 'hours_spent': 2.3}]",34.6,26.5,Average
EMP033,Manish Gupta,manish.gupta@company.com,Engineering,['Organized Team Building'],"['Comedy Skit', 'Drama Play']",@user_emp033,['#product'],95,50,2,10.0,EMP033,"[{'ticket_id': 'HR-911', 'hours_spent': 7.8}, {'ticket_id': 'HR-831', 'hours_spent': 9.0}, {'ticket_id': 'HR-166', 'hours_spent': 11.8}, {'ticket_id': 'HR-337', 'hours_spent': 2.8}, {'ticket_id': 'HR-981', 'hours_spent': 6.8}, {'ticket_id': 'HR-552', 'hours_spent': 9.5}]",47.7,26.2,Average
EMP034,Vikram Joshi,vikram.joshi@company.com,Finance,"['Azure Certified', 'Helping Interview Panel']",['Drama Play'],@user_emp034,"['#random', '#hackathon', '#product']",75,21,6,12.6,EMP034,"[{'ticket_id': 'HR-230', 'hours_spent': 4.0}, {'ticket_id': 'HR-427', 'hours_spent': 1.7}, {'ticket_id': 'HR-455', 'hours_spent': 4.3}, {'ticket_id': 'HR-557', 'hours_spent': 6.8}, {'ticket_id': 'HR-728', 'hours_spent': 11.6}]",28.4,18.7,Average
EMP035,Sneha Joshi,sneha.joshi@company.com,Product,"['GCP Certified', 'Helping Interview Panel', 'Organized Team Building']",['Dance Performance'],@user_emp035,"['#support', '#random', '#hackathon']",57,6,1,10.9,EMP035,"[{'ticket_id': 'HR-588', 'hours_spent': 9.3}, {'ticket_id': 'HR-230', 'hours_spent': 9.1}, {'ticket_id': 'HR-428', 'hours_spent': 3.3}]",21.7,25.4,Good
EMP036,Shreya Mehta,shreya.mehta@company.com,HR,"['Organized Team Building', 'GCP Certified']",['Event Host'],@user_emp036,['#random'],68,49,4,19.7,EMP036,"[{'ticket_id': 'ENG-885', 'hours_spent': 5.4}, {'ticket_id': 'ENG-930', 'hours_spent': 10.8}, {'ticket_id': 'ENG-243', 'hours_spent': 1.9}, {'ticket_id': 'ENG-186', 'hours_spent': 10.4}, {'ticket_id': 'ENG-695', 'hours_spent': 10.5}, {'ticket_id': 'ENG-129', 'hours_spent': 5.1}, {'ticket_id': 'ENG-207', 'hours_spent': 3.9}, {'ticket_id': 'ENG-976', 'hours_spent': 7.3}]",55.3,23.9,Average
EMP037,Manish Bose,manish.bose@company.com,Marketing,"['Organized Team Building', 'GCP Certified']",['Dance Performance'],@user_emp037,['#product'],45,46,20,22.6,EMP037,"[{'ticket_id': 'FIN-738', 'hours_spent': 8.3}, {'ticket_id': 'FIN-597', 'hours_spent': 5.4}, {'ticket_id': 'FIN-845', 'hours_spent': 5.5}, {'ticket_id': 'FIN-226', 'hours_spent': 11.6}]",30.800000000000004,22.8,Average
EMP038,Aarav Reddy,aarav.reddy@company.com,Engineering,"['Hackathon Winner', 'Azure Certified', 'Mentorship Program']","['Dance Performance', 'Singing']",@user_emp038,"['#support', '#hackathon', '#engineering']",108,21,18,11.4,EMP038,"[{'ticket_id': 'OPS-858', 'hours_spent': 8.9}, {'ticket_id': 'OPS-195', 'hours_spent': 4.3}, {'ticket_id': 'OPS-600', 'hours_spent': 11.3}, {'ticket_id': 'OPS-249', 'hours_spent': 5.7}, {'ticket_id': 'OPS-146', 'hours_spent': 1.3}, {'ticket_id': 'OPS-897', 'hours_spent': 10.0}, {'ticket_id': 'OPS-681', 'hours_spent': 8.4}, {'ticket_id': 'OPS-241', 'hours_spent': 3.0}]",52.9,23.8,Good
EMP039,Rohan Nair,rohan.nair@company.com,Product,"['Azure Certified', 'AWS Certified', 'GCP Certified']",[],@user_emp039,['#engineering'],145,30,10,13.2,EMP039,"[{'ticket_id': 'PROD-756', 'hours_spent': 8.4}, {'ticket_id': 'PROD-570', 'hours_spent': 7.3}, {'ticket_id': 'PROD-188', 'hours_spent': 2.4}]",18.099999999999998,18.5,Average
EMP040,Vikram Mehta,vikram.mehta@company.com,Product,"['Azure Certified', 'GCP Certified']","['Drama Play', 'Comedy Skit']",@user_emp040,"['#random', '#support', '#engineering']",68,22,11,39.3,EMP040,"[{'ticket_id': 'PROD-224', 'hours_spent': 9.2}, {'ticket_id': 'PROD-817', 'hours_spent': 3.8}, {'ticket_id': 'PROD-466', 'hours_spent': 11.2}, {'ticket_id': 'PROD-575', 'hours_spent': 8.0}, {'ticket_id': 'PROD-955', 'hours_spent': 10.5}, {'ticket_id': 'PROD-458', 'hours_spent': 4.3}, {'ticket_id': 'PROD-299', 'hours_spent': 6.5}]",53.5,23.9,Average
EMP041,Shreya Sharma,shreya.sharma@company.com,Product,"['GCP Certified', 'Azure Certified', 'AWS Certified']","['Drama Play', 'Singing']",@user_emp041,['#random'],36,12,9,37.5,EMP041,"[{'ticket_id': 'PROD-481', 'hours_spent': 1.7}, {'ticket_id': 'PROD-708', 'hours_spent': 10.3}]",12.0,19.3,Average
EMP042,Kavya Reddy,kavya.reddy@company.com,Product,"['Mentorship Program', 'AWS Certified', 'GCP Certified']",['Drama Play'],@user_emp042,['#random'],103,32,8,26.0,EMP042,"[{'ticket_id': 'HR-733', 'hours_spent': 5.7}, {'ticket_id': 'HR-370', 'hours_spent': 5.9}, {'ticket_id': 'HR-496', 'hours_spent': 10.4}, {'ticket_id': 'HR-365', 'hours_spent': 10.1}]",32.1,20.0,Good
EMP043,Aditya Mehta,aditya.mehta@company.com,Finance,"['Helping Interview Panel', 'Azure Certified', 'Hackathon Winner']",['Comedy Skit'],@user_emp043,"['#support', '#engineering']",80,49,14,5.7,EMP043,"[{'ticket_id': 'OPS-755', 'hours_spent': 2.7}, {'ticket_id': 'OPS-529', 'hours_spent': 2.5}]",5.2,20.0,Excellent
EMP044,Aarav Bose,aarav.bose@company.com,Marketing,"['Helping Interview Panel', 'Hackathon Winner']","['Drama Play', 'Comedy Skit']",@user_emp044,['#random'],118,40,11,14.1,EMP044,"[{'ticket_id': 'HR-167', 'hours_spent': 4.3}, {'ticket_id': 'HR-811', 'hours_spent': 11.3}, {'ticket_id': 'HR-675', 'hours_spent': 8.8}, {'ticket_id': 'HR-273', 'hours_spent': 1.7}, {'ticket_id': 'HR-418', 'hours_spent': 4.3}, {'ticket_id': 'HR-976', 'hours_spent': 10.0}, {'ticket_id': 'HR-725', 'hours_spent': 8.0}]",48.400000000000006,20.1,Good
EMP045,Neha Sharma,neha.sharma@company.com,HR,"['Helping Interview Panel', 'Hackathon Winner', 'Organized Team Building']",['Drama Play'],@user_emp045,['#random'],25,9,15,16.1,EMP045,"[{'ticket_id': 'ENG-794', 'hours_spent': 6.6}, {'ticket_id': 'ENG-571', 'hours_spent': 3.7}, {'ticket_id': 'ENG-820', 'hours_spent': 4.9}, {'ticket_id': 'ENG-744', 'hours_spent': 3.4}]",18.6,26.4,Excellent
EMP046,Rohan Mehta,rohan.mehta@company.com,Product,['Azure Certified'],['Drama Play'],@user_emp046,['#support'],42,40,7,28.6,EMP046,"[{'ticket_id': 'HR-679', 'hours_spent': 6.2}, {'ticket_id': 'HR-273', 'hours_spent': 10.8}, {'ticket_id': 'HR-576', 'hours_spent': 8.7}, {'ticket_id': 'HR-314', 'hours_spent': 1.5}, {'ticket_id': 'HR-468', 'hours_spent': 4.6}, {'ticket_id': 'HR-627', 'hours_spent': 6.2}, {'ticket_id': 'HR-409', 'hours_spent': 1.4}]",39.4,24.2,Excellent
EMP047,Kavya Iyer,kavya.iyer@company.com,Product,['Helping Interview Panel'],"['Comedy Skit', 'Drama Play']",@user_emp047,['#product'],109,29,12,38.6,EMP047,"[{'ticket_id': 'ENG-779', 'hours_spent': 6.6}, {'ticket_id': 'ENG-929', 'hours_spent': 6.0}]",12.6,23.5,Good
EMP048,Sneha Kumar,sneha.kumar@company.com,Engineering,['Organized Team Building'],[],@user_emp048,['#engineering'],187,27,20,27.1,EMP048,"[{'ticket_id': 'FIN-521', 'hours_spent': 1.5}, {'ticket_id': 'FIN-271', 'hours_spent': 9.0}, {'ticket_id': 'FIN-848', 'hours_spent': 1.0}, {'ticket_id': 'FIN-414', 'hours_spent': 8.7}, {'ticket_id': 'FIN-815', 'hours_spent': 5.8}, {'ticket_id': 'FIN-219', 'hours_spent': 7.0}]",33.0,27.8,Excellent
EMP049,Shreya Sharma,shreya.sharma@company.com,Engineering,['Helping Interview Panel'],[],@user_emp049,['#product'],163,46,1,27.7,EMP049,"[{'ticket_id': 'FIN-818', 'hours_spent': 1.9}, {'ticket_id': 'FIN-772', 'hours_spent': 7.0}, {'ticket_id': 'FIN-417', 'hours_spent': 6.8}]",15.7,19.6,Excellent
EMP050,Manish Reddy,manish.reddy@company.com,HR,"['Hackathon Winner', 'Mentorship Program', 'GCP Certified']","['Event Host', 'Drama Play']",@user_emp050,"['#hackathon', '#product']",175,35,4,29.0,EMP050,"[{'ticket_id': 'ENG-199', 'hours_spent': 9.6}, {'ticket_id': 'ENG-408', 'hours_spent': 8.0}, {'ticket_id': 'ENG-138', 'hours_spent': 9.9}, {'ticket_id': 'ENG-782', 'hours_spent': 6.3}, {'ticket_id': 'ENG-727', 'hours_spent': 2.8}, {'ticket_id': 'ENG-796', 'hours_spent': 3.6}, {'ticket_id': 'ENG-273', 'hours_spent': 1.2}]",41.4,21.2,Excellent
EMP051,Aditya Joshi,aditya.joshi@company.com,Engineering,"['Helping Interview Panel', 'Azure Certified', 'Hackathon Winner']",[],@user_emp051,"['#engineering', '#hackathon', '#random']",39,8,6,24.8,EMP051,"[{'ticket_id': 'ENG-374', 'hours_spent': 8.4}, {'ticket_id': 'ENG-694', 'hours_spent': 2.2}, {'ticket_id': 'ENG-877', 'hours_spent': 6.9}, {'ticket_id': 'ENG-788', 'hours_spent': 10.0}, {'ticket_id': 'ENG-251', 'hours_spent': 2.6}, {'ticket_id': 'ENG-724', 'hours_spent': 1.5}]",31.6,21.8,Average
EMP052,Kavya Joshi,kavya.joshi@company.com,Engineering,['Organized Team Building'],['Event Host'],@user_emp052,"['#product', '#random', '#support']",157,15,15,26.1,EMP052,"[{'ticket_id': 'HR-881', 'hours_spent': 2.9}, {'ticket_id': 'HR-313', 'hours_spent': 3.2}, {'ticket_id': 'HR-551', 'hours_spent': 10.1}, {'ticket_id': 'HR-767', 'hours_spent': 11.9}]",28.1,23.9,Average
EMP053,Aditya Iyer,aditya.iyer@company.com,Engineering,"['Organized Team Building', 'GCP Certified']",['Comedy Skit'],@user_emp053,"['#support', '#product', '#random']",137,31,13,11.9,EMP053,"[{'ticket_id': 'PROD-447', 'hours_spent': 6.6}, {'ticket_id': 'PROD-469', 'hours_spent': 11.0}, {'ticket_id': 'PROD-459', 'hours_spent': 7.4}]",25.0,23.2,Average
EMP054,Aarav Nair,aarav.nair@company.com,Finance,['AWS Certified'],['Event Host'],@user_emp054,"['#engineering', '#product']",39,19,3,14.5,EMP054,"[{'ticket_id': 'FIN-884', 'hours_spent': 3.9}, {'ticket_id': 'FIN-600', 'hours_spent': 6.4}, {'ticket_id': 'FIN-408', 'hours_spent': 10.2}]",20.5,20.1,Good
EMP055,Shreya Nair,shreya.nair@company.com,Finance,"['Helping Interview Panel', 'GCP Certified']",['Drama Play'],@user_emp055,"['#hackathon', '#support', '#random']",188,14,20,22.7,EMP055,"[{'ticket_id': 'OPS-673', 'hours_spent': 2.1}, {'ticket_id': 'OPS-534', 'hours_spent': 9.1}, {'ticket_id': 'OPS-495', 'hours_spent': 8.3}, {'ticket_id': 'OPS-338', 'hours_spent': 1.1}, {'ticket_id': 'OPS-329', 'hours_spent': 11.8}, {'ticket_id': 'OPS-417', 'hours_spent': 11.3}, {'ticket_id': 'OPS-584', 'hours_spent': 1.5}]",45.2,20.0,Average
EMP056,Vikram Bose,vikram.bose@company.com,Engineering,['Organized Team Building'],"['Event Host', 'Drama Play']",@user_emp056,['#product'],67,13,10,38.5,EMP056,"[{'ticket_id': 'PROD-634', 'hours_spent': 3.0}, {'ticket_id': 'PROD-955', 'hours_spent': 2.9}, {'ticket_id': 'PROD-854', 'hours_spent': 2.5}, {'ticket_id': 'PROD-611', 'hours_spent': 6.8}, {'ticket_id': 'PROD-426', 'hours_spent': 5.5}, {'ticket_id': 'PROD-318', 'hours_spent': 8.7}]",29.4,25.7,Good
EMP057,Priya Iyer,priya.iyer@company.com,Engineering,"['Helping Interview Panel', 'Azure Certified', 'Organized Team Building']","['Event Host', 'Singing']",@user_emp057,"['#product', '#random']",165,32,12,31.9,EMP057,"[{'ticket_id': 'ENG-785', 'hours_spent': 10.5}, {'ticket_id': 'ENG-405', 'hours_spent': 4.9}, {'ticket_id': 'ENG-762', 'hours_spent': 3.0}, {'ticket_id': 'ENG-961', 'hours_spent': 4.2}]",22.599999999999998,23.7,Average
EMP058,Rohan Reddy,rohan.reddy@company.com,Product,"['GCP Certified', 'Hackathon Winner']",['Comedy Skit'],@user_emp058,"['#product', '#engineering', '#support']",84,46,1,25.3,EMP058,"[{'ticket_id': 'OPS-376', 'hours_spent': 10.4}, {'ticket_id': 'OPS-369', 'hours_spent': 6.7}]",17.1,23.3,Good
EMP059,Kavya Sharma,kavya.sharma@company.com,Finance,"['Hackathon Winner', 'Mentorship Program']",['Dance Performance'],@user_emp059,"['#engineering', '#support', '#hackathon']",75,14,19,7.5,EMP059,"[{'ticket_id': 'OPS-484', 'hours_spent': 11.2}, {'ticket_id': 'OPS-476', 'hours_spent': 4.7}, {'ticket_id': 'OPS-963', 'hours_spent': 4.3}]",20.2,26.0,Good
EMP060,Kavya Mehta,kavya.mehta@company.com,Engineering,"['Organized Team Building', 'Mentorship Program']","['Drama Play', 'Comedy Skit']",@user_emp060,['#engineering'],124,46,13,15.8,EMP060,"[{'ticket_id': 'PROD-579', 'hours_spent': 9.7}, {'ticket_id': 'PROD-220', 'hours_spent': 7.9}]",17.6,24.4,Average
EMP061,Sneha Gupta,sneha.gupta@company.com,Finance,['Mentorship Program'],[],@user_emp061,"['#hackathon', '#product']",135,46,3,36.6,EMP061,"[{'ticket_id': 'FIN-770', 'hours_spent': 6.5}, {'ticket_id': 'FIN-884', 'hours_spent': 5.4}]",11.9,22.8,Average
EMP062,Priya Gupta,priya.gupta@company.com,Finance,"['Mentorship Program', 'Azure Certified', 'Helping Interview Panel']","['Event Host', 'Comedy Skit']",@user_emp062,"['#hackathon', '#engineering', '#random']",155,6,17,32.9,EMP062,"[{'ticket_id': 'FIN-546', 'hours_spent': 2.0}, {'ticket_id': 'FIN-983', 'hours_spent': 10.0}, {'ticket_id': 'FIN-474', 'hours_spent': 8.5}, {'ticket_id': 'FIN-135', 'hours_spent': 5.8}, {'ticket_id': 'FIN-464', 'hours_spent': 12.0}, {'ticket_id': 'FIN-702', 'hours_spent': 11.3}, {'ticket_id': 'FIN-621', 'hours_spent': 1.6}]",51.199999999999996,23.4,Average
EMP063,Manish Nair,manish.nair@company.com,Finance,"['AWS Certified', 'Azure Certified', 'Mentorship Program']",[],@user_emp063,"['#hackathon', '#random', '#support']",102,34,3,31.2,EMP063,"[{'ticket_id': 'ENG-117', 'hours_spent': 2.0}, {'ticket_id': 'ENG-980', 'hours_spent': 8.1}, {'ticket_id': 'ENG-935', 'hours_spent': 9.3}, {'ticket_id': 'ENG-211', 'hours_spent': 10.3}, {'ticket_id': 'ENG-360', 'hours_spent': 11.1}, {'ticket_id': 'ENG-709', 'hours_spent': 4.2}]",45.0,27.8,Average
EMP064,Vikram Nair,vikram.nair@company.com,Finance,"['Helping Interview Panel', 'Azure Certified', 'Organized Team Building']",[],@user_emp064,"['#engineering', '#hackathon']",147,6,16,24.3,EMP064,"[{'ticket_id': 'HR-461', 'hours_spent': 4.9}, {'ticket_id': 'HR-870', 'hours_spent': 11.7}, {'ticket_id': 'HR-484', 'hours_spent': 9.1}, {'ticket_id': 'HR-173', 'hours_spent': 2.2}, {'ticket_id': 'HR-267', 'hours_spent': 8.9}, {'ticket_id': 'HR-104', 'hours_spent': 6.1}]",42.900000000000006,24.3,Average
EMP065,Shreya Mehta,shreya.mehta@company.com,Marketing,['AWS Certified'],['Dance Performance'],@user_emp065,"['#random', '#product', '#hackathon']",112,7,17,21.2,EMP065,"[{'ticket_id': 'FIN-769', 'hours_spent': 8.5}, {'ticket_id': 'FIN-701', 'hours_spent': 6.6}, {'ticket_id': 'FIN-338', 'hours_spent': 4.9}, {'ticket_id': 'FIN-671', 'hours_spent': 3.1}]",23.1,20.6,Good
EMP066,Neha Joshi,neha.joshi@company.com,Engineering,"['Azure Certified', 'Helping Interview Panel', 'Hackathon Winner']",['Dance Performance'],@user_emp066,['#product'],35,41,17,27.6,EMP066,"[{'ticket_id': 'ENG-309', 'hours_spent': 5.9}, {'ticket_id': 'ENG-792', 'hours_spent': 4.8}, {'ticket_id': 'ENG-836', 'hours_spent': 2.2}, {'ticket_id': 'ENG-674', 'hours_spent': 8.0}, {'ticket_id': 'ENG-360', 'hours_spent': 3.9}, {'ticket_id': 'ENG-771', 'hours_spent': 1.3}, {'ticket_id': 'ENG-620', 'hours_spent': 6.1}, {'ticket_id': 'ENG-299', 'hours_spent': 7.7}]",39.9,26.2,Average
EMP067,Priya Iyer,priya.iyer@company.com,Product,"['Azure Certified', 'Hackathon Winner']","['Event Host', 'Dance Performance']",@user_emp067,"['#random', '#engineering']",22,44,18,10.3,EMP067,"[{'ticket_id': 'PROD-931', 'hours_spent': 6.2}, {'ticket_id': 'PROD-442', 'hours_spent': 3.5}, {'ticket_id': 'PROD-763', 'hours_spent': 10.5}, {'ticket_id': 'PROD-500', 'hours_spent': 2.1}, {'ticket_id': 'PROD-103', 'hours_spent': 2.5}, {'ticket_id': 'PROD-258', 'hours_spent': 9.0}]",33.8,22.4,Good
EMP068,Rohan Iyer,rohan.iyer@company.com,Finance,"['GCP Certified', 'Azure Certified']",[],@user_emp068,"['#support', '#product', '#hackathon']",140,45,8,36.4,EMP068,"[{'ticket_id': 'PROD-120', 'hours_spent': 8.7}, {'ticket_id': 'PROD-188', 'hours_spent': 10.9}, {'ticket_id': 'PROD-309', 'hours_spent': 8.9}]",28.5,19.4,Excellent
EMP069,Neha Reddy,neha.reddy@company.com,HR,"['Organized Team Building', 'AWS Certified']",['Drama Play'],@user_emp069,['#product'],197,38,9,26.0,EMP069,"[{'ticket_id': 'FIN-662', 'hours_spent': 7.3}, {'ticket_id': 'FIN-375', 'hours_spent': 6.9}, {'ticket_id': 'FIN-980', 'hours_spent': 7.2}, {'ticket_id': 'FIN-405', 'hours_spent': 5.6}, {'ticket_id': 'FIN-905', 'hours_spent': 9.1}, {'ticket_id': 'FIN-787', 'hours_spent': 4.7}, {'ticket_id': 'FIN-484', 'hours_spent': 6.6}]",47.400000000000006,27.7,Excellent
EMP070,Vikram Sharma,vikram.sharma@company.com,Finance,['AWS Certified'],[],@user_emp070,"['#random', '#product', '#engineering']",153,23,17,35.0,EMP070,"[{'ticket_id': 'HR-872', 'hours_spent': 4.8}, {'ticket_id': 'HR-562', 'hours_spent': 11.2}, {'ticket_id': 'HR-692', 'hours_spent': 11.1}, {'ticket_id': 'HR-595', 'hours_spent': 8.9}]",36.0,18.4,Average
EMP071,Rohan Bose,rohan.bose@company.com,Marketing,"['GCP Certified', 'AWS Certified']",[],@user_emp071,"['#support', '#product', '#engineering']",119,6,9,6.0,EMP071,"[{'ticket_id': 'HR-781', 'hours_spent': 10.0}, {'ticket_id': 'HR-780', 'hours_spent': 1.8}]",11.8,27.9,Good
EMP072,Manish Nair,manish.nair@company.com,Marketing,"['AWS Certified', 'GCP Certified']",[],@user_emp072,['#random'],31,23,8,34.1,EMP072,"[{'ticket_id': 'PROD-715', 'hours_spent': 2.9}, {'ticket_id': 'PROD-586', 'hours_spent': 11.8}]",14.700000000000001,27.2,Excellent
EMP073,Neha Patel,neha.patel@company.com,Marketing,['Helping Interview Panel'],['Drama Play'],@user_emp073,"['#hackathon', '#product']",149,8,17,22.3,EMP073,"[{'ticket_id': 'OPS-146', 'hours_spent': 5.7}, {'ticket_id': 'OPS-824', 'hours_spent': 4.6}]",10.3,24.7,Excellent
EMP074,Rohan Iyer,rohan.iyer@company.com,Finance,"['Azure Certified', 'Mentorship Program']",['Singing'],@user_emp074,['#hackathon'],141,48,13,21.4,EMP074,"[{'ticket_id': 'OPS-120', 'hours_spent': 8.6}, {'ticket_id': 'OPS-391', 'hours_spent': 9.7}, {'ticket_id': 'OPS-499', 'hours_spent': 5.3}, {'ticket_id': 'OPS-101', 'hours_spent': 11.8}, {'ticket_id': 'OPS-140', 'hours_spent': 7.3}, {'ticket_id': 'OPS-859', 'hours_spent': 4.4}, {'ticket_id': 'OPS-556', 'hours_spent': 3.5}]",50.599999999999994,21.7,Average
EMP075,Rohan Gupta,rohan.gupta@company.com,Product,['Organized Team Building'],['Comedy Skit'],@user_emp075,"['#engineering', '#product', '#hackathon']",56,26,6,30.9,EMP075,"[{'ticket_id': 'OPS-594', 'hours_spent': 5.6}, {'ticket_id': 'OPS-971', 'hours_spent': 1.8}, {'ticket_id': 'OPS-714', 'hours_spent': 3.7}, {'ticket_id': 'OPS-396', 'hours_spent': 2.9}, {'ticket_id': 'OPS-111', 'hours_spent': 4.7}, {'ticket_id': 'OPS-391', 'hours_spent': 10.1}]",28.799999999999997,26.6,Average
EMP076,Vikram Joshi,vikram.joshi@company.com,Finance,"['Azure Certified', 'Helping Interview Panel', 'Mentorship Program']",['Singing'],@user_emp076,"['#product', '#engineering', '#random']",169,25,4,19.9,EMP076,"[{'ticket_id': 'OPS-663', 'hours_spent': 8.7}, {'ticket_id': 'OPS-768', 'hours_spent': 11.7}, {'ticket_id': 'OPS-818', 'hours_spent': 9.5}, {'ticket_id': 'OPS-372', 'hours_spent': 2.2}, {'ticket_id': 'OPS-578', 'hours_spent': 11.9}, {'ticket_id': 'OPS-820', 'hours_spent': 1.6}]",45.6,24.5,Excellent
EMP077,Vikram Iyer,vikram.iyer@company.com,Engineering,"['Azure Certified', 'Hackathon Winner', 'Organized Team Building']","['Singing', 'Event Host']",@user_emp077,"['#random', '#support', '#engineering']",147,45,2,39.4,EMP077,"[{'ticket_id': 'FIN-501', 'hours_spent': 10.6}, {'ticket_id': 'FIN-166', 'hours_spent': 10.7}, {'ticket_id': 'FIN-307', 'hours_spent': 3.0}, {'ticket_id': 'FIN-148', 'hours_spent': 1.2}, {'ticket_id': 'FIN-960', 'hours_spent': 9.4}]",34.9,24.5,Good
EMP078,Kavya Reddy,kavya.reddy@company.com,Product,"['Organized Team Building', 'Helping Interview Panel']",[],@user_emp078,"['#product', '#engineering']",101,34,19,27.5,EMP078,"[{'ticket_id': 'HR-167', 'hours_spent': 4.2}, {'ticket_id': 'HR-741', 'hours_spent': 7.5}, {'ticket_id': 'HR-136', 'hours_spent': 7.8}, {'ticket_id': 'HR-812', 'hours_spent': 3.3}, {'ticket_id': 'HR-496', 'hours_spent': 8.0}, {'ticket_id': 'HR-742', 'hours_spent': 3.9}, {'ticket_id': 'HR-364', 'hours_spent': 6.8}, {'ticket_id': 'HR-225', 'hours_spent': 1.5}]",43.0,20.3,Excellent
EMP079,Neha Patel,neha.patel@company.com,HR,"['Mentorship Program', 'Helping Interview Panel', 'GCP Certified']","['Singing', 'Event Host']",@user_emp079,['#hackathon'],50,15,10,7.6,EMP079,"[{'ticket_id': 'PROD-806', 'hours_spent': 11.7}, {'ticket_id': 'PROD-761', 'hours_spent': 3.2}, {'ticket_id': 'PROD-854', 'hours_spent': 10.3}, {'ticket_id': 'PROD-300', 'hours_spent': 8.5}]",33.7,26.7,Average
EMP080,Manish Mehta,manish.mehta@company.com,HR,['AWS Certified'],['Drama Play'],@user_emp080,['#support'],118,36,12,34.5,EMP080,"[{'ticket_id': 'HR-635', 'hours_spent': 10.9}, {'ticket_id': 'HR-506', 'hours_spent': 3.1}]",14.0,20.9,Good
EMP081,Shreya Patel,shreya.patel@company.com,HR,"['AWS Certified', 'GCP Certified', 'Helping Interview Panel']","['Dance Performance', 'Comedy Skit']",@user_emp081,['#product'],140,41,13,5.9,EMP081,"[{'ticket_id': 'OPS-180', 'hours_spent': 3.8}, {'ticket_id': 'OPS-719', 'hours_spent': 2.0}, {'ticket_id': 'OPS-414', 'hours_spent': 3.4}, {'ticket_id': 'OPS-985', 'hours_spent': 11.1}, {'ticket_id': 'OPS-713', 'hours_spent': 5.6}, {'ticket_id': 'OPS-519', 'hours_spent': 3.1}, {'ticket_id': 'OPS-480', 'hours_spent': 7.2}]",36.2,18.6,Excellent
EMP082,Rohan Sharma,rohan.sharma@company.com,HR,"['Azure Certified', 'GCP Certified']","['Drama Play', 'Singing']",@user_emp082,"['#support', '#random', '#product']",135,14,4,32.6,EMP082,"[{'ticket_id': 'ENG-721', 'hours_spent': 3.2}, {'ticket_id': 'ENG-667', 'hours_spent': 3.5}, {'ticket_id': 'ENG-597', 'hours_spent': 6.1}, {'ticket_id': 'ENG-301', 'hours_spent': 7.7}, {'ticket_id': 'ENG-623', 'hours_spent': 9.6}, {'ticket_id': 'ENG-274', 'hours_spent': 8.4}, {'ticket_id': 'ENG-482', 'hours_spent': 2.4}, {'ticket_id': 'ENG-991', 'hours_spent': 4.7}]",45.6,27.1,Good
EMP083,Kavya Patel,kavya.patel@company.com,Engineering,"['Azure Certified', 'GCP Certified', 'AWS Certified']",['Dance Performance'],@user_emp083,['#engineering'],182,30,17,27.3,EMP083,"[{'ticket_id': 'PROD-977', 'hours_spent': 3.0}, {'ticket_id': 'PROD-995', 'hours_spent': 7.1}, {'ticket_id': 'PROD-105', 'hours_spent': 3.7}, {'ticket_id': 'PROD-423', 'hours_spent': 4.4}, {'ticket_id': 'PROD-136', 'hours_spent': 10.1}, {'ticket_id': 'PROD-437', 'hours_spent': 4.2}, {'ticket_id': 'PROD-826', 'hours_spent': 7.5}, {'ticket_id': 'PROD-480', 'hours_spent': 7.5}]",47.50000000000001,21.9,Average
EMP084,Rohan Iyer,rohan.iyer@company.com,Marketing,['Mentorship Program'],"['Drama Play', 'Event Host']",@user_emp084,"['#engineering', '#product']",119,38,8,12.4,EMP084,"[{'ticket_id': 'FIN-722', 'hours_spent': 2.7}, {'ticket_id': 'FIN-541', 'hours_spent': 4.7}, {'ticket_id': 'FIN-482', 'hours_spent': 3.1}, {'ticket_id': 'FIN-644', 'hours_spent': 7.8}]",18.3,24.9,Good
EMP085,Rohan Kumar,rohan.kumar@company.com,Product,['Azure Certified'],['Dance Performance'],@user_emp085,['#engineering'],197,23,5,10.6,EMP085,"[{'ticket_id': 'ENG-904', 'hours_spent': 3.2}, {'ticket_id': 'ENG-708', 'hours_spent': 7.1}]",10.3,23.4,Excellent
EMP086,Vikram Sharma,vikram.sharma@company.com,HR,['Helping Interview Panel'],[],@user_emp086,"['#product', '#engineering']",193,28,19,37.7,EMP086,"[{'ticket_id': 'FIN-757', 'hours_spent': 5.3}, {'ticket_id': 'FIN-211', 'hours_spent': 9.2}]",14.5,26.8,Excellent
EMP087,Shreya Bose,shreya.bose@company.com,HR,"['Hackathon Winner', 'GCP Certified', 'Azure Certified']",['Singing'],@user_emp087,"['#hackathon', '#engineering', '#support']",85,22,12,12.9,EMP087,"[{'ticket_id': 'ENG-684', 'hours_spent': 5.7}, {'ticket_id': 'ENG-440', 'hours_spent': 8.9}, {'ticket_id': 'ENG-964', 'hours_spent': 6.0}, {'ticket_id': 'ENG-454', 'hours_spent': 1.8}, {'ticket_id': 'ENG-184', 'hours_spent': 6.1}]",28.5,26.8,Average
EMP088,Kavya Sharma,kavya.sharma@company.com,Product,"['Helping Interview Panel', 'AWS Certified', 'Organized Team Building']",['Dance Performance'],@user_emp088,"['#engineering', '#support', '#hackathon']",142,36,7,39.3,EMP088,"[{'ticket_id': 'OPS-940', 'hours_spent': 10.1}, {'ticket_id': 'OPS-249', 'hours_spent': 1.9}, {'ticket_id': 'OPS-457', 'hours_spent': 3.4}]",15.4,23.1,Excellent
EMP089,Kavya Reddy,kavya.reddy@company.com,Marketing,"['Organized Team Building', 'AWS Certified']",['Event Host'],@user_emp089,"['#random', '#support', '#engineering']",152,7,18,33.7,EMP089,"[{'ticket_id': 'ENG-152', 'hours_spent': 1.3}, {'ticket_id': 'ENG-134', 'hours_spent': 1.4}, {'ticket_id': 'ENG-152', 'hours_spent': 11.0}, {'ticket_id': 'ENG-282', 'hours_spent': 4.3}]",18.0,24.1,Average
EMP090,Aditya Joshi,aditya.joshi@company.com,Product,"['Mentorship Program', 'Azure Certified', 'AWS Certified']","['Singing', 'Event Host']",@user_emp090,"['#support', '#product']",32,13,19,30.4,EMP090,"[{'ticket_id': 'FIN-915', 'hours_spent': 8.6}, {'ticket_id': 'FIN-223', 'hours_spent': 11.0}, {'ticket_id': 'FIN-323', 'hours_spent': 2.7}, {'ticket_id': 'FIN-314', 'hours_spent': 10.3}, {'ticket_id': 'FIN-584', 'hours_spent': 8.2}, {'ticket_id': 'FIN-752', 'hours_spent': 7.1}, {'ticket_id': 'FIN-672', 'hours_spent': 8.1}]",56.0,25.9,Average
EMP091,Neha Mehta,neha.mehta@company.com,Product,"['Hackathon Winner', 'AWS Certified']",['Singing'],@user_emp091,['#product'],117,31,7,30.5,EMP091,"[{'ticket_id': 'OPS-151', 'hours_spent': 7.6}, {'ticket_id': 'OPS-274', 'hours_spent': 5.6}, {'ticket_id': 'OPS-822', 'hours_spent': 3.6}, {'ticket_id': 'OPS-989', 'hours_spent': 7.8}]",24.6,22.4,Excellent
EMP092,Aditya Sharma,aditya.sharma@company.com,Marketing,"['Helping Interview Panel', 'Organized Team Building', 'AWS Certified']","['Drama Play', 'Comedy Skit']",@user_emp092,"['#support', '#hackathon']",75,46,17,22.1,EMP092,"[{'ticket_id': 'PROD-893', 'hours_spent': 7.4}, {'ticket_id': 'PROD-628', 'hours_spent': 5.1}, {'ticket_id': 'PROD-446', 'hours_spent': 7.9}, {'ticket_id': 'PROD-525', 'hours_spent': 10.9}, {'ticket_id': 'PROD-496', 'hours_spent': 4.6}, {'ticket_id': 'PROD-814', 'hours_spent': 11.4}, {'ticket_id': 'PROD-746', 'hours_spent': 10.7}]",58.0,19.8,Average
EMP093,Rohan Sharma,rohan.sharma@company.com,Engineering,"['AWS Certified', 'Organized Team Building', 'Azure Certified']","['Comedy Skit', 'Drama Play']",@user_emp093,"['#engineering', '#random', '#hackathon']",67,35,18,33.3,EMP093,"[{'ticket_id': 'HR-843', 'hours_spent': 1.5}, {'ticket_id': 'HR-875', 'hours_spent': 1.5}]",3.0,24.5,Average
EMP094,Priya Nair,priya.nair@company.com,HR,"['Helping Interview Panel', 'Mentorship Program', 'Azure Certified']",[],@user_emp094,"['#hackathon', '#support']",169,26,11,12.9,EMP094,"[{'ticket_id': 'FIN-985', 'hours_spent': 1.9}, {'ticket_id': 'FIN-734', 'hours_spent': 6.1}, {'ticket_id': 'FIN-701', 'hours_spent': 3.5}, {'ticket_id': 'FIN-836', 'hours_spent': 7.9}, {'ticket_id': 'FIN-445', 'hours_spent': 10.9}, {'ticket_id': 'FIN-204', 'hours_spent': 9.4}, {'ticket_id': 'FIN-862', 'hours_spent': 1.4}]",41.099999999999994,23.6,Excellent
EMP095,Aditya Nair,aditya.nair@company.com,Marketing,"['Mentorship Program', 'GCP Certified', 'Helping Interview Panel']",['Dance Performance'],@user_emp095,"['#random', '#product']",200,6,9,12.6,EMP095,"[{'ticket_id': 'ENG-885', 'hours_spent': 6.2}, {'ticket_id': 'ENG-712', 'hours_spent': 4.5}, {'ticket_id': 'ENG-436', 'hours_spent': 10.4}]",21.1,25.4,Average
EMP096,Priya Gupta,priya.gupta@company.com,Engineering,['Hackathon Winner'],[],@user_emp096,"['#engineering', '#support']",30,17,10,34.2,EMP096,"[{'ticket_id': 'PROD-198', 'hours_spent': 4.9}, {'ticket_id': 'PROD-932', 'hours_spent': 9.5}, {'ticket_id': 'PROD-667', 'hours_spent': 9.5}]",23.9,18.7,Average
EMP097,Vikram Bose,vikram.bose@company.com,HR,"['GCP Certified', 'AWS Certified']","['Drama Play', 'Dance Performance']",@user_emp097,['#engineering'],30,16,1,14.4,EMP097,"[{'ticket_id': 'OPS-701', 'hours_spent': 9.4}, {'ticket_id': 'OPS-149', 'hours_spent': 7.9}, {'ticket_id': 'OPS-745', 'hours_spent': 9.5}, {'ticket_id': 'OPS-526', 'hours_spent': 5.3}, {'ticket_id': 'OPS-588', 'hours_spent': 8.1}, {'ticket_id': 'OPS-976', 'hours_spent': 4.6}, {'ticket_id': 'OPS-208', 'hours_spent': 4.6}]",49.400000000000006,18.9,Average
EMP098,Rohan Iyer,rohan.iyer@company.com,Marketing,['Hackathon Winner'],[],@user_emp098,"['#engineering', '#support', '#random']",37,12,2,35.6,EMP098,"[{'ticket_id': 'OPS-426', 'hours_spent': 12.0}, {'ticket_id': 'OPS-469', 'hours_spent': 2.9}, {'ticket_id': 'OPS-373', 'hours_spent': 4.5}, {'ticket_id': 'OPS-165', 'hours_spent': 7.0}, {'ticket_id': 'OPS-842', 'hours_spent': 8.0}, {'ticket_id': 'OPS-771', 'hours_spent': 7.2}]",41.6,24.9,Average
EMP099,Shreya Nair,shreya.nair@company.com,Marketing,"['AWS Certified', 'Azure Certified']",['Singing'],@user_emp099,"['#product', '#random', '#hackathon']",116,7,14,12.0,EMP099,"[{'ticket_id': 'HR-245', 'hours_spent': 5.6}, {'ticket_id': 'HR-126', 'hours_spent': 3.2}, {'ticket_id': 'HR-574', 'hours_spent': 1.6}, {'ticket_id': 'HR-184', 'hours_spent': 6.0}, {'ticket_id': 'HR-898', 'hours_spent': 5.1}, {'ticket_id': 'HR-222', 'hours_spent': 1.7}, {'ticket_id': 'HR-576', 'hours_spent': 10.2}, {'ticket_id': 'HR-486', 'hours_spent': 10.1}]",43.5,24.0,Excellent
EMP100,Priya Gupta,priya.gupta@company.com,Engineering,['Hackathon Winner'],"['Singing', 'Drama Play']",@user_emp100,['#product'],42,36,5,25.9,EMP100,"[{'ticket_id': 'OPS-934', 'hours_spent': 7.7}, {'ticket_id': 'OPS-582', 'hours_spent': 5.8}]",13.5,19.4,Average
